code,lat,lon,count
BR1,51.41184,0.02079,1299
BR2,51.38757,0.02231,1009
BR3,51.40440,-0.03086,1162
BR4,51.37514,-0.00847,372
BR5,51.39166,0.10332,941
BR6,51.36532,0.09140,1143
BR7,51.41466,0.06329,481
BR8,51.39859,0.17434,479
CR0,51.37312,-0.07700,2641
CR2,51.34849,-0.08250,991
CR3,51.29213,-0.08305,579
CR4,51.40450,-0.15939,907
CR5,51.31098,-0.14124,650
CR6,51.31030,-0.05193,237
CR7,51.39843,-0.10709,618
CR8,51.33209,-0.11379,758
CR9,51.37563,-0.10417,316
CR90,51.37807,-0.11329,64
DA1,51.44792,0.20908,1212
DA10,51.44417,0.30531,154
DA11,51.43949,0.33095,153
DA13,51.41317,0.31750,65
DA14,51.42510,0.11163,518
DA15,51.44136,0.09822,513
DA16,51.46482,0.10660,570
DA17,51.48605,0.14927,346
DA18,51.49377,0.13786,71
DA2,51.43234,0.23302,514
DA3,51.38401,0.30805,355
DA4,51.38900,0.23187,243
DA5,51.44069,0.14641,443
DA6,51.45536,0.13858,250
DA7,51.46555,0.14570,704
DA8,51.47571,0.17626,624
DA9,51.44826,0.27835,300
E1,51.51749,-0.05932,1490
E10,51.56830,-0.01378,606
E11,51.56842,0.01330,898
E12,51.55072,0.05303,396
E13,51.52778,0.02600,569
E14,51.50624,-0.01931,1689
E15,51.54017,0.00368,760
E16,51.51147,0.02838,790
E17,51.58690,-0.02042,1478
E18,51.59272,0.02500,386
E1W,51.50915,-0.05884,407
E2,51.52958,-0.06262,927
E20,51.54676,-0.00912,116
E3,51.52801,-0.02558,1036
E4,51.62195,-0.00557,973
E5,51.55924,-0.05368,661
E6,51.52654,0.05408,932
E7,51.54716,0.02754,522
E8,51.54368,-0.06613,720
E9,51.54422,-0.04291,625
E98,51.50802,-0.06444,63
EC1A,51.52113,-0.10560,222
EC1M,51.52141,-0.10253,196
EC1N,51.52008,-0.10893,171
EC1P,51.52450,-0.11209,236
EC1R,51.52494,-0.10843,276
EC1V,51.52667,-0.09820,484
EC1Y,51.52301,-0.09293,186
EC2A,51.52369,-0.08690,366
EC2M,51.51886,-0.08747,201
EC2N,51.51602,-0.08653,60
EC2P,51.52428,-0.11141,106
EC2R,51.51627,-0.09156,90
EC2V,51.51577,-0.09412,121
EC2Y,51.51953,-0.09387,101
EC3A,51.51471,-0.08015,83
EC3M,51.51221,-0.08297,98
EC3N,51.51241,-0.07830,95
EC3P,51.52411,-0.11091,26
EC3R,51.51113,-0.08483,89
EC3V,51.51339,-0.08670,88
EC4A,51.51607,-0.10848,113
EC4M,51.51426,-0.09940,101
EC4N,51.51283,-0.09145,75
EC4P,51.52452,-0.11208,56
EC4R,51.51102,-0.09066,64
EC4V,51.51269,-0.10018,130
EC4Y,51.51317,-0.10884,138
EN1,51.65418,-0.06815,981
EN2,51.65989,-0.09402,825
EN3,51.66049,-0.03661,991
EN4,51.64888,-0.16113,546
EN5,51.64991,-0.19726,1067
EN6,51.69464,-0.18938,561
EN7,51.69564,-0.05629,49
EN8,51.68865,-0.03159,428
EN9,51.68552,0.01242,509
HA0,51.55135,-0.30565,859
HA1,51.58012,-0.33786,941
HA2,51.57369,-0.36052,980
HA3,51.59355,-0.32118,1293
HA4,51.57051,-0.41081,1167
HA5,51.59491,-0.38627,1144
HA6,51.61172,-0.42233,736
HA7,51.61117,-0.31018,873
HA8,51.61136,-0.27392,1426
HA9,51.56081,-0.28639,888
IG1,51.55951,0.07344,898
IG10,51.64838,0.06659,735
IG11,51.53538,0.09300,897
IG2,51.57597,0.08159,408
IG3,51.56306,0.10258,476
IG4,51.58005,0.05118,139
IG5,51.59079,0.06357,233
IG6,51.59596,0.08768,554
IG7,51.61461,0.09356,463
IG8,51.60944,0.03730,804
IG9,51.62614,0.04088,290
KT1,51.40751,-0.29811,713
KT10,51.37033,-0.35482,642
KT11,51.32831,-0.40302,535
KT12,51.37728,-0.40850,990
KT13,51.36817,-0.44953,814
KT14,51.33855,-0.48781,400
KT15,51.36363,-0.49598,738
KT16,51.38946,-0.50392,365
KT17,51.34118,-0.24989,730
KT18,51.31926,-0.26250,472
KT19,51.35240,-0.27065,720
KT2,51.41871,-0.29060,683
KT20,51.29459,-0.22808,483
KT21,51.31118,-0.30341,386
KT22,51.30189,-0.33962,879
KT23,51.28539,-0.37624,179
KT24,51.28402,-0.43151,69
KT3,51.39960,-0.25745,752
KT4,51.37845,-0.24291,527
KT5,51.39094,-0.28678,371
KT6,51.38770,-0.30257,747
KT7,51.38873,-0.33228,262
KT8,51.40166,-0.36341,439
KT9,51.36400,-0.30330,413
N1,51.53776,-0.09719,2325
N10,51.59487,-0.14498,501
N11,51.61412,-0.13892,642
N12,51.61492,-0.17767,715
N13,51.61831,-0.10402,529
N14,51.63418,-0.13077,697
N15,51.58235,-0.08174,707
N16,51.56270,-0.07669,1149
N17,51.59809,-0.07172,1050
N18,51.61388,-0.06670,540
N19,51.56524,-0.12993,642
N1C,51.53623,-0.12565,48
N1P,51.53865,-0.10354,705
N2,51.59008,-0.16923,545
N20,51.62926,-0.17439,517
N21,51.63663,-0.09970,570
N22,51.59984,-0.11041,709
N3,51.60030,-0.19394,663
N4,51.57008,-0.10445,843
N5,51.55384,-0.09863,427
N6,51.57303,-0.14552,510
N7,51.55380,-0.11836,900
N8,51.58083,-0.12304,680
N9,51.62848,-0.05807,878
NW1,51.53275,-0.14264,1949
NW10,51.54126,-0.24796,1809
NW11,51.57844,-0.19750,862
NW1W,51.53078,-0.13543,1014
NW2,51.55810,-0.22024,1294
NW26,51.53406,-0.24815,32
NW3,51.55239,-0.17259,1405
NW4,51.58742,-0.22426,755
NW5,51.55196,-0.14466,685
NW6,51.54209,-0.19631,1300
NW7,51.61490,-0.23607,765
NW8,51.53235,-0.17505,869
NW9,51.58762,-0.25599,1300
RM1,51.58294,0.18345,498
RM10,51.54498,0.15780,576
RM11,51.57082,0.21848,584
RM12,51.55300,0.20720,611
RM13,51.52515,0.19323,607
RM14,51.55747,0.25734,588
RM15,51.50867,0.27627,557
RM16,51.49228,0.31515,353
RM17,51.47975,0.32578,453
RM19,51.48286,0.24440,142
RM2,51.58427,0.20311,267
RM20,51.47804,0.28505,137
RM3,51.60202,0.22445,912
RM4,51.64126,0.15824,151
RM5,51.60101,0.16479,372
RM6,51.57575,0.12957,529
RM7,51.57491,0.16883,578
RM8,51.55711,0.12933,583
RM9,51.54098,0.13395,540
SE1,51.49871,-0.09045,2145
SE10,51.48368,-0.00047,699
SE11,51.48973,-0.11119,496
SE12,51.44475,0.02057,529
SE13,51.45950,-0.00964,701
SE14,51.47573,-0.04269,408
SE15,51.47271,-0.06566,1177
SE16,51.49659,-0.05333,1057
SE17,51.48801,-0.09325,630
SE18,51.48423,0.07288,1367
SE19,51.41800,-0.08605,600
SE1P,51.49278,-0.08015,719
SE2,51.48986,0.11592,453
SE20,51.41228,-0.05936,489
SE21,51.43904,-0.08875,295
SE22,51.45442,-0.07239,516
SE23,51.44135,-0.04923,637
SE24,51.45663,-0.10015,303
SE25,51.39786,-0.07689,645
SE26,51.42803,-0.05491,614
SE27,51.43055,-0.10230,389
SE28,51.50236,0.10456,428
SE3,51.46969,0.01942,739
SE4,51.46102,-0.03522,465
SE5,51.47377,-0.09148,863
SE6,51.43851,-0.01666,861
SE7,51.48419,0.03401,414
SE8,51.48189,-0.02961,531
SE9,51.44517,0.05471,1212
SM1,51.36675,-0.19283,885
SM2,51.35197,-0.19875,594
SM3,51.37113,-0.21595,387
SM4,51.39323,-0.19954,600
SM5,51.36849,-0.16859,719
SM6,51.36096,-0.14415,719
SM7,51.32293,-0.20150,477
SW10,51.48395,-0.18286,475
SW11,51.46700,-0.16565,1299
SW12,51.44631,-0.14923,618
SW13,51.47599,-0.24432,389
SW14,51.46542,-0.26698,372
SW15,51.45709,-0.22838,1251
SW16,51.42138,-0.12930,1365
SW17,51.43074,-0.16468,965
SW18,51.45105,-0.19146,1169
SW19,51.42394,-0.20355,1708
SW1A,51.50348,-0.13236,152
SW1E,51.49716,-0.13946,88
SW1H,51.49790,-0.13364,102
SW1P,51.48767,-0.13401,1012
SW1V,51.48940,-0.13991,590
SW1W,51.49229,-0.15044,354
SW1X,51.49799,-0.15628,424
SW1Y,51.50695,-0.13464,192
SW2,51.44944,-0.11980,1041
SW20,51.41134,-0.22648,585
SW3,51.48884,-0.16541,890
SW4,51.46108,-0.13653,933
SW5,51.49118,-0.19147,333
SW6,51.47673,-0.20116,1570
SW7,51.49635,-0.17690,678
SW8,51.47662,-0.13269,832
SW9,51.46942,-0.11392,956
SW95,51.48040,-0.13628,45
TW1,51.45127,-0.32601,697
TW10,51.44811,-0.30300,519
TW11,51.42633,-0.33190,561
TW12,51.42278,-0.36981,571
TW13,51.43899,-0.40222,704
TW14,51.45310,-0.42162,463
TW15,51.43091,-0.45772,695
TW16,51.41578,-0.41688,537
TW17,51.39820,-0.44778,420
TW18,51.42678,-0.50138,646
TW19,51.45407,-0.47826,277
TW2,51.44677,-0.35396,573
TW3,51.46808,-0.36399,742
TW4,51.46562,-0.38760,430
TW5,51.48199,-0.38555,405
TW6,51.47074,-0.44861,129
TW7,51.47297,-0.33589,750
TW8,51.48726,-0.30633,501
TW9,51.46918,-0.29323,631
UB1,51.51495,-0.37560,614
UB10,51.54937,-0.45161,680
UB11,51.51197,-0.44841,27
UB18,51.50072,-0.40268,55
UB2,51.49931,-0.38135,494
UB3,51.50533,-0.42470,920
UB4,51.52591,-0.40848,698
UB5,51.54313,-0.37646,827
UB6,51.53896,-0.34120,845
UB7,51.50458,-0.46930,622
UB8,51.53535,-0.47392,843
UB9,51.58629,-0.49063,404
W10,51.52312,-0.21706,675
W11,51.51236,-0.22011,777
W12,51.50859,-0.24573,813
W13,51.51301,-0.32112,574
W14,51.49490,-0.21050,723
W1A,51.52447,-0.11240,350
W1B,51.51426,-0.14082,327
W1C,51.51450,-0.14889,140
W1D,51.51337,-0.13276,721
W1F,51.51349,-0.13648,786
W1G,51.51928,-0.14824,728
W1H,51.51763,-0.16114,712
W1J,51.50795,-0.14497,718
W1K,51.51114,-0.15102,895
W1S,51.51121,-0.14246,598
W1T,51.52025,-0.13672,955
W1U,51.51865,-0.15346,1132
W1W,51.51918,-0.14099,648
W2,51.51430,-0.19042,1183
W3,51.51054,-0.26835,1041
W4,51.49121,-0.26397,1055
W5,51.51305,-0.30251,1043
W6,51.49265,-0.22893,803
W7,51.51175,-0.33593,506
W8,51.50099,-0.19450,738
W9,51.52463,-0.19265,578
WC1A,51.52040,-0.11989,166
WC1B,51.51954,-0.12579,178
WC1E,51.52177,-0.13245,111
WC1H,51.52687,-0.12531,326
WC1N,51.52297,-0.11956,283
WC1R,51.51978,-0.11572,102
WC1V,51.51821,-0.11666,112
WC1X,51.52662,-0.11508,328
WC2A,51.51639,-0.11401,123
WC2B,51.51523,-0.12009,199
WC2E,51.51212,-0.12308,190
WC2H,51.51356,-0.12715,375
WC2N,51.50960,-0.12448,156
WC2R,51.51249,-0.11789,117
WD17,51.66357,-0.40579,586
WD18,51.64899,-0.41507,702
WD19,51.63098,-0.39076,673
WD23,51.64509,-0.35795,761
WD24,51.67331,-0.39837,528
WD25,51.68583,-0.38773,611
WD3,51.64573,-0.47754,1158
WD4,51.68356,-0.44785,84
WD5,51.69255,-0.42130,63
WD6,51.65735,-0.27578,1068
WD7,51.68594,-0.31055,407
WD99,51.64878,-0.42209,21
BR1 1,51.40468,0.01573,125
BR1 2,51.40162,0.04406,307
BR1 3,51.40962,0.01918,270
BR1 4,51.41873,0.00628,242
BR1 5,51.42731,0.01101,228
BR1 9,51.40737,0.01813,127
BR2 0,51.40150,0.00321,279
BR2 6,51.35691,0.03329,89
BR2 7,51.37922,0.01201,173
BR2 8,51.38097,0.04681,202
BR2 9,51.39368,0.02679,266
BR3 1,51.41391,-0.03094,248
BR3 3,51.39486,-0.02990,266
BR3 4,51.40413,-0.04457,292
BR3 5,51.41045,-0.01706,181
BR3 6,51.40046,-0.01490,128
BR3 9,51.39743,-0.04736,47
BR4 0,51.38028,-0.01056,176
BR4 4,51.37617,-0.01503,6
BR4 9,51.37035,-0.00633,190
BR5 1,51.38698,0.07802,220
BR5 2,51.39685,0.10195,260
BR5 3,51.39946,0.11481,251
BR5 4,51.38079,0.11779,210
BR6 0,51.37803,0.09803,243
BR6 1,51.37683,0.09914,27
BR6 6,51.35518,0.09717,143
BR6 7,51.35332,0.09061,271
BR6 8,51.37205,0.07112,182
BR6 9,51.36562,0.09594,277
BR7 5,51.41237,0.05739,229
BR7 6,51.41740,0.07257,234
BR7 9,51.40823,0.01758,18
BR8 7,51.40307,0.17420,314
BR8 8,51.38943,0.17453,149
BR8 9,51.39589,0.17519,16
CR0 0,51.34521,-0.01542,246
CR0 1,51.37087,-0.10020,265
CR0 2,51.38502,-0.09891,325
CR0 3,51.38418,-0.11726,243
CR0 4,51.36943,-0.11946,332
CR0 5,51.36915,-0.07232,238
CR0 6,51.38185,-0.08017,297
CR0 7,51.38424,-0.05461,292
CR0 8,51.37359,-0.03909,267
CR0 9,51.35180,-0.03895,136
CR2 0,51.34643,-0.08980,207
CR2 1,51.37807,-0.11329,20
CR2 6,51.35628,-0.10226,226
CR2 7,51.35773,-0.08080,168
CR2 8,51.34527,-0.05791,218
CR2 9,51.33021,-0.07631,152
CR3 0,51.30716,-0.07991,104
CR3 5,51.28968,-0.09715,277
CR3 6,51.28662,-0.07741,132
CR3 7,51.28975,-0.04009,66
CR4 1,51.40201,-0.14185,259
CR4 2,51.41201,-0.15697,184
CR4 3,51.40817,-0.17154,267
CR4 4,51.39474,-0.16750,177
CR4 9,51.40519,-0.17490,20
CR44 1,51.38235,-0.13288,19
CR5 1,51.30315,-0.12592,219
CR5 2,51.32110,-0.13869,209
CR5 3,51.30863,-0.15969,211
CR5 9,51.31980,-0.14084,11
CR6 9,51.31030,-0.05193,237
CR7 6,51.39424,-0.11847,127
CR7 7,51.39543,-0.10820,226
CR7 8,51.40450,-0.09992,250
CR7 9,51.37807,-0.11329,15
CR8 1,51.33455,-0.10303,111
CR8 2,51.33853,-0.11401,188
CR8 3,51.33980,-0.13232,139
CR8 4,51.32637,-0.12256,118
CR8 5,51.31957,-0.10139,178
CR8 9,51.34664,-0.10342,24
CR9 0,51.35464,-0.04319,8
CR9 1,51.37422,-0.10341,108
CR9 2,51.37796,-0.10901,74
CR9 3,51.37806,-0.10912,41
CR9 4,51.37287,-0.11938,16
CR9 5,51.37394,-0.09827,18
CR9 6,51.37792,-0.10305,28
CR9 7,51.37827,-0.10182,9
CR9 8,51.37791,-0.08801,8
CR9 9,51.37807,-0.11329,6
CR90 9,51.37807,-0.11329,64
DA1 1,51.44084,0.22486,237
DA1 2,51.44205,0.20895,236
DA1 3,51.44625,0.19121,181
DA1 4,51.45526,0.18360,211
DA1 5,51.45528,0.22595,272
DA1 9,51.44541,0.21329,75
DA10 0,51.44462,0.30613,140
DA10 1,51.43881,0.31178,12
DA11 8,51.43076,0.33424,64
DA11 9,51.44576,0.32859,89
DA13 9,51.41541,0.31685,62
DA14 4,51.42994,0.11286,196
DA14 5,51.41837,0.12710,128
DA14 6,51.42465,0.10017,194
DA15 0,51.43586,0.10133,19
DA15 7,51.43200,0.09589,126
DA15 8,51.44515,0.09320,232
DA15 9,51.44433,0.10858,135
DA16 1,51.46795,0.11827,199
DA16 2,51.45922,0.09931,194
DA16 3,51.46744,0.10148,177
DA17 5,51.48573,0.14372,210
DA17 6,51.48815,0.15586,131
DA17 9,51.44470,0.20962,5
DA18 4,51.49377,0.13786,71
DA2 6,51.44222,0.24548,223
DA2 7,51.42508,0.20866,231
DA2 8,51.42357,0.28046,60
DA3 7,51.39435,0.31472,171
DA3 8,51.37386,0.30172,175
DA3 9,51.38469,0.30453,9
DA4 0,51.37335,0.21583,107
DA4 9,51.40132,0.24449,136
DA5 1,51.44602,0.14195,171
DA5 2,51.43198,0.16730,112
DA5 3,51.44078,0.13008,147
DA5 9,51.44470,0.20962,13
DA6 7,51.45484,0.14599,124
DA6 8,51.45587,0.13129,126
DA7 4,51.46376,0.13645,228
DA7 5,51.47261,0.13889,202
DA7 6,51.46237,0.16330,213
DA7 9,51.45990,0.14131,61
DA8 1,51.47986,0.16636,230
DA8 2,51.47244,0.19031,179
DA8 3,51.47355,0.17143,182
DA8 9,51.47645,0.19570,33
DA9 9,51.44826,0.27835,300
E1 0,51.51337,-0.04952,179
E1 1,51.51526,-0.06469,152
E1 2,51.51469,-0.05830,162
E1 3,51.51835,-0.04977,141
E1 4,51.52233,-0.04530,250
E1 5,51.52092,-0.06359,168
E1 6,51.52076,-0.07407,153
E1 7,51.51674,-0.07451,100
E1 8,51.51316,-0.06725,185
E10 5,51.56471,-0.01298,220
E10 6,51.57106,-0.00633,190
E10 7,51.56952,-0.02333,177
E10 9,51.57098,-0.00865,19
E11 1,51.57291,0.00869,233
E11 2,51.57658,0.02651,230
E11 3,51.56177,0.01386,206
E11 4,51.56141,0.00382,210
E11 9,51.56403,0.00880,19
E12 5,51.55536,0.05223,181
E12 6,51.54657,0.05406,205
E12 9,51.55189,0.04623,10
E13 0,51.53131,0.02261,200
E13 3,51.52926,0.02330,14
E13 8,51.52270,0.02429,196
E13 9,51.52948,0.03263,159
E14 0,51.51205,-0.00852,199
E14 1,51.51308,-0.02756,59
E14 2,51.50960,-0.00552,36
E14 3,51.49234,-0.01412,282
E14 4,51.50635,-0.02306,50
E14 5,51.50651,-0.01966,111
E14 6,51.51473,-0.01728,241
E14 7,51.51440,-0.03222,241
E14 8,51.50502,-0.02797,199
E14 9,51.50048,-0.01581,271
E15 1,51.54642,0.00364,213
E15 2,51.53953,-0.00565,169
E15 3,51.53286,0.00920,163
E15 4,51.54091,0.00822,193
E15 9,51.53209,-0.00517,22
E16 1,51.51089,0.01857,243
E16 2,51.50246,0.05354,182
E16 3,51.51342,0.03183,202
E16 4,51.52007,0.01207,150
E16 9,51.51907,-0.00561,13
E17 0,51.58590,-0.01770,43
E17 3,51.58760,-0.00639,213
E17 4,51.59339,-0.01046,215
E17 5,51.59626,-0.02811,230
E17 6,51.58856,-0.03261,208
E17 7,51.58212,-0.03060,165
E17 8,51.57587,-0.02627,195
E17 9,51.58185,-0.01144,209
E18 1,51.59213,0.03058,161
E18 2,51.59318,0.02077,216
E18 9,51.59200,0.02658,9
E1W 1,51.50664,-0.06859,85
E1W 2,51.50610,-0.06079,111
E1W 3,51.50867,-0.05210,148
E1W 9,51.51902,-0.05809,63
E2 0,51.52816,-0.05129,200
E2 2,51.53272,-0.06042,7
E2 6,51.52694,-0.06410,183
E2 7,51.52805,-0.07115,177
E2 8,51.53296,-0.07188,188
E2 9,51.53180,-0.05542,172
E20 1,51.54684,-0.00878,109
E3 2,51.53270,-0.02470,279
E3 3,51.52422,-0.01610,247
E3 4,51.52247,-0.02746,251
E3 5,51.53201,-0.03395,248
E3 9,51.53023,-0.02891,11
E4 0,51.63325,0.00816,28
E4 6,51.62466,0.00255,264
E4 7,51.63581,-0.00294,230
E4 8,51.61473,-0.02190,205
E4 9,51.61082,-0.00469,246
E5 0,51.55467,-0.04486,195
E5 5,51.56000,-0.05756,12
E5 8,51.55732,-0.05939,227
E5 9,51.56504,-0.05536,227
E6 1,51.53530,0.04468,156
E6 2,51.53555,0.05910,168
E6 3,51.52618,0.04908,202
E6 5,51.51504,0.05359,188
E6 6,51.52232,0.06305,165
E6 7,51.51421,0.07851,5
E6 9,51.52887,0.05665,48
E7 0,51.55178,0.02724,168
E7 7,51.54882,0.02366,9
E7 8,51.54316,0.03547,160
E7 9,51.54633,0.02116,185
E8 1,51.54660,-0.06024,148
E8 2,51.54975,-0.06921,163
E8 3,51.54252,-0.06643,215
E8 4,51.53796,-0.06847,177
E8 9,51.53417,-0.05995,17
E9 5,51.54650,-0.03343,235
E9 6,51.54662,-0.04798,194
E9 7,51.53935,-0.04885,189
E9 9,51.53272,-0.06042,7
E98 1,51.50802,-0.06444,63
EC1A 1,51.52442,-0.11194,97
EC1A 2,51.51697,-0.10362,15
EC1A 4,51.51950,-0.09853,28
EC1A 7,51.51808,-0.09935,39
EC1A 9,51.51898,-0.10225,43
EC1M 3,51.52109,-0.10687,13
EC1M 4,51.52167,-0.10262,54
EC1M 5,51.52194,-0.10313,58
EC1M 6,51.52043,-0.10125,60
EC1M 7,51.52301,-0.10072,11
EC1N 2,51.51854,-0.10923,26
EC1N 6,51.51863,-0.10686,8
EC1N 7,51.52041,-0.11041,50
EC1N 8,51.52048,-0.10817,87
EC1P 1,51.52450,-0.11209,236
EC1R 0,51.52452,-0.10631,87
EC1R 1,51.52923,-0.10857,34
EC1R 3,51.52360,-0.10873,42
EC1R 4,51.52569,-0.10947,69
EC1R 5,51.52254,-0.11058,44
EC1V 0,51.52505,-0.10116,78
EC1V 1,51.53012,-0.09776,39
EC1V 2,51.52845,-0.09519,28
EC1V 3,51.52601,-0.09667,74
EC1V 4,51.52562,-0.10359,66
EC1V 7,51.52807,-0.10211,72
EC1V 8,51.52804,-0.09670,40
EC1V 9,51.52556,-0.09138,87
EC1Y 0,51.52289,-0.09583,56
EC1Y 1,51.52432,-0.08886,14
EC1Y 2,51.52311,-0.08986,11
EC1Y 4,51.52090,-0.09004,16
EC1Y 8,51.52324,-0.09265,89
EC2A 1,51.52324,-0.10387,64
EC2A 2,51.52142,-0.08461,62
EC2A 3,51.52511,-0.08129,104
EC2A 4,51.52385,-0.08425,136
EC2M 1,51.51915,-0.09178,21
EC2M 2,51.52027,-0.08977,28
EC2M 3,51.51948,-0.08386,27
EC2M 4,51.51867,-0.08541,53
EC2M 5,51.51798,-0.08999,33
EC2M 6,51.51954,-0.09247,11
EC2M 7,51.51776,-0.08439,28
EC2N 1,51.51623,-0.08709,21
EC2N 2,51.51571,-0.08591,24
EC2N 3,51.51626,-0.08829,6
EC2N 4,51.51622,-0.08567,9
EC2P 2,51.52428,-0.11141,106
EC2R 5,51.51799,-0.09429,15
EC2R 6,51.51656,-0.09055,18
EC2R 7,51.51622,-0.09019,25
EC2R 8,51.51533,-0.09192,32
EC2V 5,51.51693,-0.09327,23
EC2V 6,51.51433,-0.09461,27
EC2V 7,51.51638,-0.09466,53
EC2V 8,51.51462,-0.09290,18
EC2Y 5,51.51771,-0.09410,20
EC2Y 8,51.52007,-0.09524,53
EC2Y 9,51.51982,-0.09109,28
EC3A 2,51.51313,-0.07912,5
EC3A 3,51.51572,-0.08556,5
EC3A 5,51.51408,-0.07892,13
EC3A 6,51.51496,-0.08193,6
EC3A 7,51.51509,-0.07784,27
EC3A 8,51.51512,-0.08220,20
EC3M 1,51.51142,-0.08581,18
EC3M 3,51.51140,-0.08278,13
EC3M 4,51.51240,-0.07892,14
EC3M 5,51.51317,-0.08167,19
EC3M 6,51.51171,-0.08317,6
EC3M 7,51.51308,-0.08440,18
EC3M 8,51.51109,-0.08387,9
EC3N 1,51.51272,-0.07542,33
EC3N 2,51.51220,-0.07794,31
EC3N 3,51.51200,-0.07797,8
EC3N 4,51.51236,-0.08301,23
EC3P 3,51.52411,-0.11091,26
EC3R 5,51.50967,-0.08094,15
EC3R 6,51.51133,-0.08788,21
EC3R 7,51.51092,-0.08036,23
EC3R 8,51.51190,-0.08807,30
EC3V 0,51.51217,-0.08482,24
EC3V 1,51.51281,-0.08359,8
EC3V 3,51.51394,-0.08740,25
EC3V 4,51.51371,-0.08286,6
EC3V 9,51.51411,-0.08973,25
EC4A 1,51.51639,-0.10989,36
EC4A 2,51.51467,-0.10845,27
EC4A 3,51.51639,-0.10813,35
EC4A 4,51.51710,-0.10592,15
EC4M 7,51.51501,-0.10221,58
EC4M 8,51.51347,-0.09899,10
EC4M 9,51.51329,-0.09449,28
EC4N 1,51.51326,-0.09250,6
EC4N 4,51.51275,-0.09203,11
EC4N 5,51.51162,-0.08952,10
EC4N 6,51.51218,-0.09175,18
EC4N 7,51.51370,-0.09139,19
EC4N 8,51.51337,-0.09169,11
EC4P 4,51.52452,-0.11208,56
EC4R 0,51.51161,-0.09010,16
EC4R 1,51.51131,-0.09311,9
EC4R 2,51.51118,-0.09159,12
EC4R 3,51.50981,-0.08998,16
EC4R 9,51.51149,-0.08943,11
EC4V 2,51.51175,-0.09404,10
EC4V 3,51.51137,-0.09766,25
EC4V 4,51.51220,-0.09927,30
EC4V 5,51.51355,-0.10142,37
EC4V 6,51.51359,-0.10396,28
EC4Y 0,51.51233,-0.10719,27
EC4Y 1,51.51442,-0.10837,20
EC4Y 7,51.51306,-0.10988,45
EC4Y 8,51.51404,-0.10664,24
EC4Y 9,51.51237,-0.11155,22
EN1 1,51.64637,-0.06650,223
EN1 2,51.64202,-0.07574,195
EN1 3,51.65764,-0.07192,251
EN1 4,51.66838,-0.05679,239
EN1 9,51.65205,-0.07721,73
EN2 0,51.66392,-0.08518,199
EN2 6,51.65195,-0.08408,144
EN2 7,51.65220,-0.10610,194
EN2 8,51.66188,-0.10123,199
EN2 9,51.67604,-0.08744,89
EN3 4,51.64460,-0.04472,204
EN3 5,51.66289,-0.04237,239
EN3 6,51.67218,-0.02851,318
EN3 7,51.65591,-0.03464,230
EN4 0,51.66008,-0.16214,136
EN4 8,51.64068,-0.16032,230
EN4 9,51.65089,-0.16139,180
EN5 1,51.64517,-0.17853,198
EN5 2,51.64623,-0.20475,254
EN5 3,51.64757,-0.22785,124
EN5 4,51.65909,-0.20628,179
EN5 5,51.65317,-0.18843,263
EN5 9,51.64301,-0.17113,49
EN6 1,51.69750,-0.18705,86
EN6 2,51.69257,-0.19121,181
EN6 3,51.69476,-0.22140,98
EN6 4,51.69732,-0.15285,18
EN6 5,51.69445,-0.17228,154
EN6 9,51.69865,-0.19030,24
EN7 5,51.69586,-0.05681,48
EN8 1,51.68514,-0.03148,31
EN8 7,51.68695,-0.02707,202
EN8 8,51.69103,-0.03646,191
EN9 1,51.68620,0.00159,231
EN9 2,51.69172,0.00070,10
EN9 3,51.68469,0.02219,268
HA0 1,51.53942,-0.29656,192
HA0 2,51.55602,-0.31438,229
HA0 3,51.56194,-0.31226,206
HA0 4,51.54650,-0.29740,199
HA0 9,51.55141,-0.30648,33
HA1 1,51.58519,-0.33797,167
HA1 2,51.58369,-0.32956,217
HA1 3,51.56945,-0.33600,268
HA1 4,51.58421,-0.34835,248
HA1 9,51.58551,-0.33002,41
HA2 0,51.57021,-0.35372,241
HA2 2,51.58523,-0.32969,15
HA2 6,51.59288,-0.35531,141
HA2 7,51.58157,-0.36386,152
HA2 8,51.56358,-0.35956,219
HA2 9,51.56886,-0.37248,212
HA3 0,51.58102,-0.30411,221
HA3 3,51.58524,-0.32969,19
HA3 5,51.59815,-0.34130,177
HA3 6,51.60754,-0.34303,220
HA3 7,51.59870,-0.33083,222
HA3 8,51.59036,-0.31625,214
HA3 9,51.58709,-0.29464,220
HA4 0,51.56226,-0.39523,220
HA4 4,51.57453,-0.41209,30
HA4 6,51.56135,-0.41080,225
HA4 7,51.57879,-0.43184,264
HA4 8,51.57717,-0.41261,222
HA4 9,51.57095,-0.39840,206
HA5 1,51.58378,-0.38851,193
HA5 2,51.59033,-0.40386,216
HA5 3,51.59978,-0.38964,280
HA5 4,51.60883,-0.37326,235
HA5 5,51.58651,-0.37467,179
HA5 9,51.59505,-0.38517,41
HA6 1,51.60440,-0.41394,219
HA6 2,51.61427,-0.43373,293
HA6 3,51.61688,-0.41562,201
HA6 9,51.60369,-0.41561,23
HA7 1,51.60074,-0.29727,160
HA7 2,51.60403,-0.31131,196
HA7 3,51.61717,-0.32402,233
HA7 4,51.61836,-0.30633,257
HA7 9,51.60451,-0.29562,27
HA8 0,51.60510,-0.26174,235
HA8 4,51.61331,-0.27781,45
HA8 5,51.60049,-0.27558,210
HA8 6,51.60641,-0.28725,201
HA8 7,51.61380,-0.28125,169
HA8 8,51.62334,-0.27647,298
HA8 9,51.61390,-0.26521,268
HA9 0,51.55875,-0.27976,91
HA9 1,51.55373,-0.30148,26
HA9 6,51.55057,-0.27940,168
HA9 7,51.55780,-0.29715,163
HA9 8,51.56568,-0.29433,214
HA9 9,51.56760,-0.27726,226
IG1 1,51.55769,0.08100,215
IG1 2,51.55061,0.07654,235
IG1 3,51.56829,0.05885,185
IG1 4,51.56485,0.07520,174
IG1 8,51.55810,0.07246,44
IG1 9,51.55924,0.07526,45
IG10 1,51.65127,0.06181,167
IG10 2,51.65630,0.07853,179
IG10 3,51.64280,0.07031,228
IG10 4,51.64414,0.04736,138
IG10 9,51.64648,0.08687,23
IG11 0,51.52657,0.10768,216
IG11 1,51.53452,0.08818,16
IG11 7,51.53344,0.08387,239
IG11 8,51.54077,0.07871,172
IG11 9,51.54109,0.09908,254
IG2 6,51.57637,0.07183,206
IG2 7,51.57557,0.09154,202
IG3 8,51.56824,0.10102,228
IG3 9,51.55829,0.10401,248
IG4 5,51.58005,0.05118,139
IG5 0,51.59079,0.06357,233
IG6 1,51.58458,0.08118,173
IG6 2,51.59819,0.08138,244
IG6 3,51.60635,0.10711,137
IG7 4,51.61167,0.10724,157
IG7 5,51.61118,0.08060,158
IG7 6,51.62139,0.09289,148
IG8 0,51.61375,0.02896,224
IG8 1,51.64648,0.08687,40
IG8 7,51.60632,0.03946,161
IG8 8,51.60238,0.05470,187
IG8 9,51.60620,0.01794,192
IG9 5,51.62726,0.03734,196
IG9 6,51.62383,0.04826,94
KT1 1,51.41002,-0.30458,115
KT1 2,51.40418,-0.30256,213
KT1 3,51.40818,-0.28651,214
KT1 4,51.41415,-0.31252,75
KT1 9,51.40518,-0.29511,96
KT10 0,51.36478,-0.33870,223
KT10 1,51.38070,-0.36450,49
KT10 8,51.37661,-0.36599,160
KT10 9,51.36901,-0.36118,210
KT11 1,51.32969,-0.42275,150
KT11 2,51.33281,-0.39187,228
KT11 3,51.31933,-0.39903,139
KT11 9,51.32908,-0.41067,18
KT12 1,51.38036,-0.41792,175
KT12 2,51.38916,-0.41193,239
KT12 3,51.38104,-0.39748,195
KT12 4,51.36378,-0.40447,187
KT12 5,51.36796,-0.41087,170
KT12 9,51.37725,-0.40982,24
KT13 0,51.35850,-0.44961,260
KT13 3,51.37342,-0.45755,29
KT13 8,51.37290,-0.45788,254
KT13 9,51.37246,-0.44078,271
KT14 6,51.33816,-0.50177,191
KT14 7,51.33863,-0.47490,201
KT14 9,51.34609,-0.47881,8
KT15 1,51.36600,-0.50240,239
KT15 2,51.37268,-0.48696,255
KT15 3,51.34866,-0.50060,209
KT15 9,51.37086,-0.49021,35
KT16 6,51.39032,-0.50496,11
KT16 8,51.39114,-0.49718,186
KT16 9,51.38749,-0.51142,165
KT17 1,51.34382,-0.25421,207
KT17 2,51.35640,-0.24402,175
KT17 3,51.33190,-0.23957,141
KT17 4,51.33104,-0.25557,153
KT17 9,51.33471,-0.26326,54
KT18 5,51.31892,-0.24889,223
KT18 6,51.29976,-0.27089,65
KT18 7,51.32656,-0.27605,184
KT19 0,51.36495,-0.25895,180
KT19 7,51.34488,-0.28683,47
KT19 8,51.33990,-0.27618,231
KT19 9,51.35616,-0.27091,262
KT2 5,51.42206,-0.30044,268
KT2 6,51.41466,-0.29305,194
KT2 7,51.41822,-0.27652,221
KT20 5,51.29692,-0.23345,254
KT20 6,51.29486,-0.21312,156
KT20 7,51.28298,-0.24335,50
KT20 9,51.29221,-0.23705,23
KT21 1,51.31373,-0.29540,152
KT21 2,51.30953,-0.30901,223
KT21 9,51.30937,-0.30042,11
KT22 0,51.32914,-0.35432,160
KT22 2,51.29613,-0.33368,29
KT22 7,51.30262,-0.33098,243
KT22 8,51.29310,-0.32136,204
KT22 9,51.29129,-0.35461,243
KT23 3,51.28574,-0.37992,144
KT23 4,51.28393,-0.36112,35
KT24 5,51.28519,-0.42360,42
KT24 6,51.28220,-0.44383,27
KT3 3,51.40483,-0.26600,227
KT3 4,51.40406,-0.25240,161
KT3 5,51.39319,-0.26286,184
KT3 6,51.39523,-0.24487,166
KT3 9,51.39928,-0.25504,14
KT4 7,51.37841,-0.25349,218
KT4 8,51.37840,-0.23508,294
KT4 9,51.38001,-0.24274,15
KT5 8,51.39442,-0.29243,215
KT5 9,51.38613,-0.27901,156
KT6 4,51.39545,-0.30558,205
KT6 5,51.38553,-0.31211,153
KT6 6,51.38864,-0.30336,194
KT6 7,51.38034,-0.29111,195
KT7 0,51.38873,-0.33228,262
KT8 0,51.39767,-0.35436,57
KT8 1,51.40638,-0.36906,82
KT8 2,51.39962,-0.37395,164
KT8 8,51.40292,-0.36988,12
KT8 9,51.40293,-0.34925,124
KT9 1,51.36859,-0.30046,195
KT9 2,51.35937,-0.30584,204
KT9 9,51.36741,-0.30585,14
N1 0,51.53709,-0.11343,250
N1 1,51.54088,-0.10709,323
N1 2,51.54289,-0.09673,303
N1 3,51.54163,-0.08898,173
N1 4,51.54565,-0.08165,183
N1 5,51.53670,-0.08249,215
N1 6,51.52994,-0.08398,202
N1 7,51.53270,-0.09253,250
N1 8,51.53559,-0.09917,221
N1 9,51.53305,-0.11526,205
N10 1,51.59808,-0.14952,149
N10 2,51.59947,-0.14256,158
N10 3,51.58844,-0.14351,183
N10 9,51.59219,-0.14285,11
N11 1,51.61983,-0.14179,224
N11 2,51.60882,-0.12703,207
N11 3,51.61347,-0.14956,200
N11 9,51.60924,-0.11071,11
N12 0,51.60929,-0.17176,177
N12 2,51.61689,-0.18070,16
N12 7,51.61738,-0.19048,120
N12 8,51.61671,-0.18107,214
N12 9,51.61643,-0.17093,188
N13 4,51.61873,-0.11195,197
N13 5,51.62001,-0.09849,234
N13 6,51.61167,-0.10142,90
N13 9,51.63291,-0.09948,8
N14 4,51.64220,-0.13311,233
N14 5,51.63381,-0.13656,160
N14 6,51.63152,-0.12394,161
N14 7,51.62341,-0.12812,121
N14 9,51.63060,-0.12830,22
N15 3,51.58553,-0.09683,145
N15 4,51.58543,-0.07360,207
N15 5,51.58280,-0.08182,159
N15 6,51.57721,-0.07630,186
N15 9,51.56082,-0.13129,10
N16 0,51.56204,-0.08015,169
N16 1,51.57007,-0.07719,26
N16 5,51.56982,-0.07931,239
N16 6,51.56986,-0.06803,197
N16 7,51.55936,-0.07019,185
N16 8,51.55395,-0.07902,209
N16 9,51.55672,-0.08636,124
N17 0,51.60317,-0.06036,213
N17 1,51.59386,-0.07160,21
N17 6,51.59339,-0.07900,266
N17 7,51.60209,-0.08643,167
N17 8,51.60452,-0.07366,136
N17 9,51.59291,-0.06266,247
N18 1,51.61448,-0.07982,219
N18 2,51.61358,-0.05996,270
N18 3,51.61276,-0.04317,44
N18 9,51.61338,-0.06396,7
N19 3,51.56926,-0.12850,232
N19 4,51.56427,-0.12471,180
N19 5,51.56161,-0.13653,213
N19 9,51.56594,-0.12205,17
N1C 4,51.53623,-0.12565,48
N1P 1,51.53865,-0.10354,373
N1P 2,51.53865,-0.10354,332
N2 0,51.58659,-0.17324,241
N2 2,51.59074,-0.16758,13
N2 8,51.59394,-0.17121,133
N2 9,51.59209,-0.16158,158
N20 0,51.62602,-0.16509,240
N20 2,51.62985,-0.17368,13
N20 8,51.63058,-0.19307,131
N20 9,51.63376,-0.17283,133
N21 1,51.64103,-0.10776,220
N21 2,51.63716,-0.09058,173
N21 3,51.63046,-0.09852,163
N21 9,51.63292,-0.09949,14
N22 5,51.60134,-0.10311,196
N22 6,51.59496,-0.10413,204
N22 7,51.59906,-0.12428,114
N22 8,51.60487,-0.11568,164
N22 9,51.59878,-0.11895,31
N3 1,51.60382,-0.19544,246
N3 2,51.60142,-0.18673,204
N3 3,51.59447,-0.19957,192
N3 9,51.60139,-0.19504,21
N4 1,51.57711,-0.09700,207
N4 2,51.56607,-0.09735,275
N4 3,51.56708,-0.11326,205
N4 4,51.57364,-0.11250,133
N4 9,51.56082,-0.13129,23
N5 1,51.55372,-0.10257,225
N5 2,51.55398,-0.09408,195
N5 9,51.55382,-0.09899,7
N6 4,51.57674,-0.15357,145
N6 5,51.57414,-0.13941,247
N6 6,51.56617,-0.15009,111
N6 9,51.56592,-0.12209,7
N7 0,51.55497,-0.12738,184
N7 1,51.56594,-0.12205,20
N7 6,51.55892,-0.11784,149
N7 7,51.55933,-0.11201,140
N7 8,51.54835,-0.11261,225
N7 9,51.54957,-0.12125,182
N8 0,51.58465,-0.11009,139
N8 1,51.53598,-0.19473,16
N8 7,51.58635,-0.12338,170
N8 8,51.57999,-0.12861,175
N8 9,51.57746,-0.12093,180
N9 0,51.62391,-0.05286,237
N9 1,51.62534,-0.06338,13
N9 7,51.63356,-0.05721,169
N9 8,51.63322,-0.04666,178
N9 9,51.62641,-0.06998,281
NW1 0,51.53790,-0.13669,179
NW1 1,51.53127,-0.13408,306
NW1 2,51.52829,-0.13438,111
NW1 3,51.52759,-0.14076,140
NW1 4,51.53009,-0.13987,330
NW1 5,51.52159,-0.16113,140
NW1 6,51.52369,-0.16228,171
NW1 7,51.53669,-0.14415,153
NW1 8,51.54208,-0.14886,212
NW1 9,51.54316,-0.13433,207
NW10 0,51.55396,-0.26158,207
NW10 1,51.55498,-0.24211,167
NW10 2,51.54742,-0.23724,169
NW10 3,51.53834,-0.22826,173
NW10 4,51.53723,-0.24604,157
NW10 5,51.53270,-0.22762,228
NW10 6,51.52867,-0.24958,138
NW10 7,51.53262,-0.27501,192
NW10 8,51.54165,-0.25887,226
NW10 9,51.54417,-0.25079,152
NW11 0,51.58222,-0.20166,134
NW11 1,51.58030,-0.19912,23
NW11 6,51.58377,-0.18845,201
NW11 7,51.57597,-0.19200,192
NW11 8,51.57119,-0.20082,146
NW11 9,51.57789,-0.20832,166
NW1W 7,51.53078,-0.13543,307
NW1W 8,51.53078,-0.13543,340
NW1W 9,51.53078,-0.13543,367
NW2 1,51.56599,-0.21412,183
NW2 2,51.56146,-0.20191,163
NW2 3,51.55315,-0.21005,164
NW2 4,51.55031,-0.21816,153
NW2 5,51.54859,-0.22838,180
NW2 6,51.55979,-0.22520,239
NW2 7,51.56475,-0.24103,177
NW2 9,51.56218,-0.21350,35
NW26 9,51.53406,-0.24815,32
NW3 1,51.55758,-0.17509,190
NW3 2,51.55244,-0.16097,244
NW3 3,51.54369,-0.16620,160
NW3 4,51.54830,-0.16613,198
NW3 5,51.54984,-0.17491,182
NW3 6,51.55323,-0.18056,186
NW3 7,51.55987,-0.18692,187
NW3 9,51.55429,-0.17386,58
NW4 1,51.59438,-0.21876,179
NW4 2,51.58552,-0.21764,169
NW4 3,51.58021,-0.22926,190
NW4 4,51.58966,-0.23067,190
NW4 9,51.58802,-0.22177,27
NW5 1,51.55737,-0.14475,187
NW5 2,51.55051,-0.13751,207
NW5 3,51.54778,-0.14732,111
NW5 4,51.55051,-0.15213,148
NW5 9,51.55090,-0.14673,32
NW6 1,51.55120,-0.19468,240
NW6 2,51.54572,-0.19667,112
NW6 3,51.54381,-0.18587,148
NW6 4,51.54103,-0.18810,169
NW6 5,51.53380,-0.19408,190
NW6 6,51.53651,-0.20491,157
NW6 7,51.54208,-0.20603,248
NW6 9,51.53598,-0.19475,36
NW7 0,51.61547,-0.24117,30
NW7 1,51.61095,-0.21445,197
NW7 2,51.60981,-0.23574,194
NW7 3,51.61840,-0.25334,178
NW7 4,51.62168,-0.24266,166
NW8 0,51.53736,-0.18204,148
NW8 1,51.53597,-0.19470,23
NW8 6,51.53689,-0.17210,142
NW8 7,51.53326,-0.16789,153
NW8 8,51.52532,-0.17221,212
NW8 9,51.53174,-0.17834,191
NW9 0,51.58814,-0.26090,197
NW9 1,51.58275,-0.24659,23
NW9 4,51.59814,-0.24324,6
NW9 5,51.59905,-0.24797,371
NW9 6,51.58775,-0.24829,164
NW9 7,51.57729,-0.24762,164
NW9 8,51.57453,-0.26328,199
NW9 9,51.58754,-0.27578,176
RM1 1,51.57752,0.18006,75
RM1 2,51.57359,0.19011,119
RM1 3,51.57904,0.18522,89
RM1 4,51.59161,0.18021,215
RM10 7,51.55459,0.15722,198
RM10 8,51.54365,0.15870,213
RM10 9,51.53516,0.15732,165
RM11 1,51.56669,0.20543,207
RM11 2,51.57828,0.21931,184
RM11 3,51.56815,0.23170,193
RM12 4,51.55777,0.20198,264
RM12 5,51.54489,0.20124,161
RM12 6,51.55228,0.22016,167
RM12 9,51.56186,0.21634,19
RM13 0,51.51677,0.19212,14
RM13 7,51.53565,0.19063,166
RM13 8,51.52498,0.17907,172
RM13 9,51.51890,0.20454,255
RM14 1,51.56717,0.26480,219
RM14 2,51.55073,0.24444,211
RM14 3,51.55313,0.26677,138
RM14 9,51.55236,0.24654,20
RM15 4,51.50187,0.25221,184
RM15 5,51.50928,0.28252,208
RM15 6,51.51565,0.29564,160
RM15 9,51.50972,0.28109,5
RM16 2,51.49626,0.33036,156
RM16 3,51.49309,0.32065,10
RM16 5,51.49809,0.30349,22
RM16 6,51.48774,0.30188,164
RM17 5,51.48358,0.32486,210
RM17 6,51.47596,0.32774,189
RM17 9,51.47811,0.32245,54
RM18 7,51.46620,0.33470,6
RM19 1,51.48286,0.24440,142
RM2 5,51.58299,0.19737,141
RM2 6,51.58570,0.20952,126
RM20 2,51.48741,0.28261,10
RM20 3,51.47692,0.27623,70
RM20 4,51.47722,0.29739,54
RM3 0,51.59384,0.23284,242
RM3 3,51.60551,0.22386,17
RM3 7,51.60606,0.21166,196
RM3 8,51.60179,0.21953,239
RM3 9,51.60745,0.23207,218
RM4 1,51.64126,0.15824,151
RM5 2,51.60369,0.15871,170
RM5 3,51.59877,0.16990,202
RM6 4,51.57234,0.12136,207
RM6 5,51.58261,0.13062,157
RM6 6,51.57351,0.13886,165
RM7 0,51.56561,0.17390,198
RM7 1,51.57098,0.17148,61
RM7 7,51.58016,0.17051,94
RM7 8,51.58930,0.15971,118
RM7 9,51.57386,0.16650,107
RM8 1,51.56412,0.13737,195
RM8 2,51.55132,0.11874,231
RM8 3,51.55693,0.13492,157
RM9 4,51.53797,0.11933,165
RM9 5,51.54841,0.14009,177
RM9 6,51.53416,0.14013,172
RM9 9,51.55466,0.14405,26
SE1 0,51.50233,-0.09934,186
SE1 1,51.50154,-0.09302,169
SE1 2,51.50173,-0.07653,239
SE1 3,51.49887,-0.08042,246
SE1 4,51.49724,-0.08729,236
SE1 5,51.49083,-0.07510,330
SE1 6,51.49568,-0.09845,156
SE1 7,51.49766,-0.11241,202
SE1 8,51.50281,-0.10732,187
SE1 9,51.50358,-0.09397,194
SE10 0,51.49081,0.01075,252
SE10 1,51.48938,0.01800,18
SE10 8,51.47535,-0.01136,208
SE10 9,51.48293,-0.00452,221
SE11 4,51.48990,-0.10683,197
SE11 5,51.48727,-0.11542,161
SE11 6,51.49266,-0.11371,127
SE11 9,51.48915,-0.09845,11
SE12 0,51.44163,0.01689,182
SE12 2,51.44979,0.05268,8
SE12 8,51.45397,0.01613,158
SE12 9,51.43962,0.02674,181
SE13 5,51.45919,-0.00181,209
SE13 6,51.45306,-0.00801,207
SE13 7,51.46456,-0.01664,277
SE13 9,51.45924,-0.01335,8
SE14 5,51.47529,-0.04768,228
SE14 6,51.47636,-0.03588,171
SE14 9,51.47465,-0.04552,9
SE15 1,51.48051,-0.05964,159
SE15 2,51.47318,-0.05792,191
SE15 3,51.46302,-0.05711,225
SE15 4,51.46622,-0.07089,153
SE15 5,51.47366,-0.07151,195
SE15 6,51.47998,-0.07558,231
SE15 9,51.47177,-0.07093,23
SE16 2,51.49257,-0.05258,202
SE16 3,51.49079,-0.06412,191
SE16 4,51.49879,-0.06380,211
SE16 5,51.50387,-0.04130,132
SE16 6,51.50080,-0.04383,123
SE16 7,51.49676,-0.04385,184
SE16 9,51.49276,-0.08015,14
SE17 1,51.49090,-0.09103,174
SE17 2,51.48689,-0.08808,235
SE17 3,51.48670,-0.10069,201
SE17 9,51.48915,-0.09845,20
SE18 1,51.48636,0.09197,192
SE18 2,51.47749,0.08937,183
SE18 3,51.47649,0.06895,195
SE18 4,51.47704,0.05547,149
SE18 5,51.49102,0.05356,184
SE18 6,51.49056,0.06903,245
SE18 7,51.48659,0.07763,196
SE18 9,51.49062,0.08336,23
SE19 1,51.42326,-0.08380,183
SE19 2,51.41457,-0.07874,182
SE19 3,51.41646,-0.09385,226
SE19 9,51.41893,-0.08332,9
SE1P 4,51.49279,-0.08015,342
SE1P 5,51.49276,-0.08015,377
SE2 0,51.48452,0.11547,201
SE2 9,51.49406,0.11647,248
SE20 7,51.41166,-0.05528,226
SE20 8,51.41273,-0.06319,254
SE20 9,51.41521,-0.05373,9
SE21 7,51.44468,-0.08360,96
SE21 8,51.43631,-0.09138,192
SE21 9,51.43641,-0.08716,7
SE22 0,51.45107,-0.06594,163
SE22 2,51.45425,-0.07293,10
SE22 8,51.45553,-0.07754,214
SE22 9,51.45683,-0.07194,129
SE23 1,51.44575,-0.04296,163
SE23 2,51.43664,-0.04548,212
SE23 3,51.44267,-0.05629,250
SE23 9,51.43711,-0.05332,12
SE24 0,51.45937,-0.10245,157
SE24 4,51.47391,-0.09673,8
SE24 9,51.45252,-0.09773,138
SE25 4,51.39901,-0.06975,227
SE25 5,51.39250,-0.07558,164
SE25 6,51.40031,-0.08421,248
SE25 9,51.39952,-0.07999,6
SE26 4,51.43056,-0.05164,189
SE26 5,51.42461,-0.04562,177
SE26 6,51.42826,-0.06439,240
SE26 9,51.43711,-0.05332,8
SE27 0,51.42964,-0.10607,204
SE27 7,51.42961,-0.09937,8
SE27 9,51.43163,-0.09809,177
SE28 0,51.49759,0.08749,176
SE28 8,51.50612,0.11719,238
SE28 9,51.49850,0.10445,14
SE3 0,51.46829,0.01229,177
SE3 3,51.46620,0.00933,11
SE3 7,51.47826,0.01487,185
SE3 8,51.47063,0.03459,179
SE3 9,51.46183,0.01673,187
SE4 1,51.46068,-0.03086,245
SE4 2,51.46132,-0.04027,211
SE4 9,51.46330,-0.03565,9
SE5 0,51.47982,-0.09631,176
SE5 5,51.47406,-0.08769,37
SE5 7,51.47707,-0.08752,225
SE5 8,51.46848,-0.08639,236
SE5 9,51.47075,-0.09879,189
SE6 1,51.43954,-0.00139,223
SE6 2,51.43991,-0.01480,183
SE6 3,51.43018,-0.02232,187
SE6 4,51.44269,-0.02791,224
SE6 9,51.44158,-0.02040,44
SE7 7,51.48318,0.02872,224
SE7 8,51.48527,0.04084,185
SE7 9,51.48937,0.01800,5
SE8 3,51.48463,-0.02702,186
SE8 4,51.47428,-0.02508,157
SE8 5,51.48581,-0.03659,177
SE8 9,51.48122,-0.02588,11
SE9 1,51.45776,0.05754,210
SE9 2,51.44654,0.07444,179
SE9 3,51.43278,0.06314,224
SE9 4,51.43203,0.04393,233
SE9 5,51.44751,0.04604,159
SE9 6,51.45832,0.04371,190
SE9 9,51.44979,0.05268,17
SM1 1,51.36521,-0.19493,117
SM1 2,51.36506,-0.20370,249
SM1 3,51.37367,-0.18624,217
SM1 4,51.36495,-0.18580,223
SM1 9,51.36037,-0.19349,79
SM2 5,51.35320,-0.18823,221
SM2 6,51.35302,-0.19925,242
SM2 7,51.34795,-0.21558,131
SM3 8,51.36270,-0.22029,167
SM3 9,51.37753,-0.21265,220
SM4 4,51.39207,-0.21696,178
SM4 5,51.39675,-0.19649,172
SM4 6,51.39029,-0.18771,212
SM4 9,51.39911,-0.19769,38
SM5 1,51.38375,-0.17566,198
SM5 2,51.37285,-0.16624,216
SM5 3,51.36031,-0.16578,163
SM5 4,51.34893,-0.16683,129
SM5 9,51.36034,-0.15246,13
SM6 0,51.35666,-0.15132,163
SM6 6,51.36034,-0.15246,13
SM6 7,51.37327,-0.15078,133
SM6 8,51.36348,-0.14053,204
SM6 9,51.35395,-0.13727,206
SM7 1,51.32388,-0.21943,152
SM7 2,51.32151,-0.20317,173
SM7 3,51.32375,-0.17982,140
SM7 9,51.32159,-0.20303,12
SW10 0,51.48160,-0.18104,228
SW10 1,51.48475,-0.18363,14
SW10 9,51.48621,-0.18459,233
SW11 1,51.46146,-0.16829,183
SW11 2,51.46602,-0.17304,221
SW11 3,51.47244,-0.17346,238
SW11 4,51.47597,-0.16083,180
SW11 5,51.46822,-0.15665,256
SW11 6,51.45577,-0.16239,177
SW11 9,51.46455,-0.16432,38
SW12 0,51.44581,-0.13997,165
SW12 2,51.44638,-0.15150,14
SW12 8,51.44751,-0.15650,239
SW12 9,51.44526,-0.14802,200
SW13 0,51.47022,-0.24894,157
SW13 3,51.46928,-0.26610,7
SW13 8,51.48335,-0.23181,50
SW13 9,51.47933,-0.24287,175
SW14 7,51.46495,-0.27220,175
SW14 8,51.46572,-0.26223,191
SW14 9,51.46928,-0.26610,6
SW15 1,51.46603,-0.22130,193
SW15 2,51.45925,-0.21092,219
SW15 3,51.44691,-0.23329,209
SW15 4,51.44895,-0.24273,151
SW15 5,51.45887,-0.24207,216
SW15 6,51.45991,-0.22591,221
SW15 9,51.46049,-0.21859,42
SW16 1,51.43238,-0.13454,221
SW16 2,51.43068,-0.12179,253
SW16 3,51.41852,-0.11812,182
SW16 4,51.40646,-0.12483,216
SW16 5,51.41448,-0.13485,259
SW16 6,51.42354,-0.14050,202
SW16 9,51.43092,-0.13069,32
SW17 0,51.43091,-0.17662,254
SW17 1,51.42857,-0.16560,30
SW17 6,51.42983,-0.15170,32
SW17 7,51.43810,-0.16296,212
SW17 8,51.43204,-0.15745,211
SW17 9,51.42282,-0.16135,226
SW18 1,51.45895,-0.19451,259
SW18 2,51.45465,-0.18436,199
SW18 3,51.44527,-0.18084,206
SW18 4,51.44826,-0.19282,231
SW18 5,51.44647,-0.20276,222
SW18 9,51.45262,-0.19124,52
SW19 1,51.41843,-0.19197,233
SW19 2,51.41623,-0.17993,195
SW19 3,51.41211,-0.20184,228
SW19 4,51.42042,-0.21797,228
SW19 5,51.43227,-0.21891,165
SW19 6,51.44224,-0.21566,225
SW19 7,51.42603,-0.20702,148
SW19 8,51.42708,-0.19628,245
SW19 9,51.41701,-0.21358,41
SW1A 1,51.50340,-0.13892,72
SW1A 2,51.50400,-0.12640,76
SW1E 5,51.49672,-0.14111,35
SW1E 6,51.49746,-0.13837,53
SW1H 0,51.49707,-0.13418,61
SW1H 9,51.49915,-0.13285,41
SW1P 1,51.48556,-0.13645,313
SW1P 2,51.49319,-0.13310,168
SW1P 3,51.49532,-0.12897,111
SW1P 4,51.49140,-0.13081,161
SW1P 9,51.48103,-0.13580,259
SW1V 1,51.49260,-0.14165,118
SW1V 2,51.49025,-0.13687,157
SW1V 3,51.48669,-0.13758,162
SW1V 4,51.48891,-0.14415,153
SW1W 0,51.49613,-0.14557,60
SW1W 8,51.49037,-0.15285,176
SW1W 9,51.49320,-0.14931,118
SW1X 0,51.49648,-0.16063,79
SW1X 7,51.50011,-0.15373,99
SW1X 8,51.49780,-0.15417,131
SW1X 9,51.49740,-0.15789,115
SW1Y 4,51.50784,-0.13337,73
SW1Y 5,51.50558,-0.13304,48
SW1Y 6,51.50696,-0.13704,71
SW2 1,51.45686,-0.11532,176
SW2 2,51.44950,-0.11528,224
SW2 3,51.44180,-0.11673,230
SW2 4,51.44481,-0.12814,208
SW2 5,51.45657,-0.12386,175
SW2 9,51.45465,-0.12191,28
SW20 0,51.41365,-0.23608,211
SW20 2,51.41701,-0.21358,26
SW20 8,51.41300,-0.22154,217
SW20 9,51.40376,-0.22175,131
SW3 1,51.49639,-0.16256,82
SW3 2,51.49391,-0.16454,146
SW3 3,51.49069,-0.16580,177
SW3 4,51.48685,-0.16077,155
SW3 5,51.48486,-0.16935,187
SW3 6,51.48785,-0.17198,123
SW3 9,51.46328,-0.13890,20
SW4 0,51.46474,-0.14362,169
SW4 4,51.46326,-0.13890,18
SW4 6,51.46818,-0.13227,199
SW4 7,51.46162,-0.13110,210
SW4 8,51.45227,-0.13441,159
SW4 9,51.45666,-0.14263,178
SW5 0,51.49198,-0.18909,156
SW5 5,51.48475,-0.18363,5
SW5 9,51.49063,-0.19385,172
SW6 1,51.48269,-0.19723,204
SW6 2,51.47404,-0.18855,304
SW6 3,51.47035,-0.20052,208
SW6 4,51.47451,-0.20109,203
SW6 5,51.47664,-0.20475,156
SW6 6,51.47786,-0.21492,225
SW6 7,51.48125,-0.20672,224
SW6 9,51.47938,-0.19852,46
SW7 1,51.49996,-0.16848,130
SW7 2,51.49706,-0.17451,129
SW7 3,51.49195,-0.17678,121
SW7 4,51.49507,-0.18418,142
SW7 5,51.49718,-0.18039,129
SW7 9,51.49799,-0.17453,27
SW8 1,51.47990,-0.12046,216
SW8 2,51.47694,-0.12908,218
SW8 3,51.47010,-0.14688,152
SW8 4,51.47666,-0.13955,177
SW8 5,51.48126,-0.13474,49
SW8 9,51.47566,-0.13038,20
SW9 0,51.47349,-0.11572,183
SW9 1,51.46867,-0.11359,10
SW9 6,51.47536,-0.10906,193
SW9 7,51.46779,-0.10875,190
SW9 8,51.46260,-0.11242,168
SW9 9,51.46741,-0.12266,212
SW95 9,51.48040,-0.13628,45
TW1 1,51.45693,-0.32735,178
TW1 2,51.45487,-0.31322,160
TW1 3,51.44944,-0.32505,133
TW1 4,51.44291,-0.33455,174
TW1 9,51.45347,-0.33465,52
TW10 5,51.45039,-0.29099,91
TW10 6,51.45744,-0.29778,209
TW10 7,51.43825,-0.31298,219
TW11 0,51.42568,-0.33963,167
TW11 1,51.42739,-0.33305,13
TW11 8,51.42941,-0.33520,202
TW11 9,51.42339,-0.32089,179
TW12 1,51.42864,-0.36271,166
TW12 2,51.41688,-0.37011,221
TW12 3,51.42566,-0.37647,166
TW12 9,51.41457,-0.37005,18
TW13 4,51.44075,-0.41927,211
TW13 5,51.44354,-0.38989,148
TW13 6,51.43408,-0.38736,187
TW13 7,51.43791,-0.40862,131
TW13 9,51.43956,-0.40846,27
TW14 0,51.45567,-0.40595,128
TW14 8,51.45135,-0.43587,163
TW14 9,51.45284,-0.41978,172
TW15 1,51.42708,-0.44312,261
TW15 2,51.43183,-0.46053,226
TW15 3,51.43511,-0.47457,197
TW15 9,51.42751,-0.44463,11
TW16 5,51.41315,-0.40515,144
TW16 6,51.40944,-0.41792,171
TW16 7,51.42249,-0.42384,210
TW16 9,51.42006,-0.42106,12
TW17 0,51.40409,-0.45846,132
TW17 7,51.39458,-0.44896,9
TW17 8,51.39802,-0.43778,180
TW17 9,51.39101,-0.45160,99
TW18 1,51.42288,-0.48984,202
TW18 2,51.42394,-0.50345,194
TW18 3,51.42512,-0.51513,72
TW18 4,51.43544,-0.50732,164
TW18 9,51.42971,-0.49921,14
TW19 6,51.46228,-0.50174,37
TW19 7,51.45280,-0.47464,240
TW2 5,51.44143,-0.34973,205
TW2 6,51.44687,-0.35871,187
TW2 7,51.45271,-0.35383,181
TW3 1,51.46932,-0.35852,177
TW3 2,51.46130,-0.36007,162
TW3 3,51.46621,-0.37130,192
TW3 4,51.47539,-0.36601,131
TW3 9,51.47162,-0.36316,80
TW4 5,51.45792,-0.37891,164
TW4 6,51.46894,-0.39770,104
TW4 7,51.47129,-0.38993,162
TW5 0,51.48272,-0.37280,185
TW5 9,51.48138,-0.39627,220
TW6 1,51.47124,-0.45071,35
TW6 2,51.47738,-0.44141,57
TW6 3,51.46002,-0.45772,37
TW7 4,51.47777,-0.34519,183
TW7 5,51.48053,-0.33205,166
TW7 6,51.47092,-0.33335,223
TW7 7,51.46246,-0.33411,168
TW7 9,51.48179,-0.31571,10
TW8 0,51.48784,-0.29986,210
TW8 1,51.48179,-0.31571,6
TW8 8,51.48317,-0.31116,144
TW8 9,51.49081,-0.31064,141
TW9 1,51.46153,-0.30159,177
TW9 2,51.46719,-0.29581,154
TW9 3,51.47918,-0.28789,130
TW9 4,51.47272,-0.28275,143
TW9 9,51.46375,-0.30497,27
UB1 1,51.51074,-0.38388,165
UB1 2,51.52007,-0.37349,256
UB1 3,51.51336,-0.36275,161
UB1 9,51.50370,-0.41435,32
UB10 0,51.53612,-0.45543,252
UB10 8,51.56344,-0.45019,269
UB10 9,51.54655,-0.44796,159
UB11 1,51.51197,-0.44841,27
UB18 7,51.50072,-0.40268,29
UB18 9,51.50072,-0.40268,26
UB2 4,51.50099,-0.37121,225
UB2 5,51.49790,-0.38982,269
UB3 1,51.50473,-0.43284,187
UB3 2,51.51695,-0.42449,278
UB3 3,51.50930,-0.41171,130
UB3 4,51.49864,-0.42143,174
UB3 5,51.48531,-0.43382,121
UB3 9,51.50369,-0.41435,30
UB4 0,51.51991,-0.40482,217
UB4 8,51.53014,-0.42644,235
UB4 9,51.52715,-0.39455,246
UB5 4,51.55254,-0.36213,251
UB5 5,51.54338,-0.38032,243
UB5 6,51.53470,-0.38589,301
UB5 9,51.54677,-0.37092,32
UB6 0,51.55138,-0.33695,205
UB6 7,51.54120,-0.31817,145
UB6 8,51.53594,-0.34068,253
UB6 9,51.53026,-0.35916,242
UB7 0,51.48804,-0.47173,112
UB7 7,51.50718,-0.47587,201
UB7 8,51.51561,-0.46635,140
UB7 9,51.50330,-0.46231,169
UB8 1,51.54845,-0.47750,193
UB8 2,51.53547,-0.48309,277
UB8 3,51.52498,-0.45905,281
UB8 9,51.53921,-0.48421,92
UB9 4,51.55831,-0.49484,66
UB9 5,51.57776,-0.50144,138
UB9 6,51.60142,-0.48179,200
W10 4,51.52950,-0.21095,185
W10 5,51.52268,-0.21561,266
W10 6,51.51857,-0.21974,215
W10 9,51.51392,-0.32163,9
W11 1,51.51674,-0.21329,176
W11 2,51.51377,-0.21275,173
W11 3,51.50957,-0.20695,159
W11 4,51.50935,-0.21683,217
W11 9,51.51392,-0.32163,52
W12 0,51.51347,-0.24153,209
W12 2,51.51392,-0.32163,37
W12 6,51.51392,-0.32163,36
W12 7,51.51051,-0.23266,178
W12 8,51.50405,-0.23010,150
W12 9,51.50330,-0.24575,203
W13 0,51.51727,-0.32565,184
W13 3,51.51392,-0.32163,9
W13 8,51.51846,-0.31755,152
W13 9,51.50594,-0.31984,229
W14 0,51.49778,-0.21530,217
W14 4,51.49672,-0.21252,36
W14 8,51.49771,-0.20812,240
W14 9,51.48895,-0.20814,230
W1A 1,51.52416,-0.11386,40
W1A 2,51.52455,-0.11205,49
W1A 3,51.52439,-0.11269,42
W1A 4,51.52456,-0.11205,34
W1A 5,51.52455,-0.11205,52
W1A 6,51.52456,-0.11205,61
W1A 7,51.52455,-0.11205,46
W1A 8,51.52453,-0.11207,15
W1A 9,51.52360,-0.11484,8
W1B 1,51.52070,-0.14534,65
W1B 2,51.51514,-0.14255,50
W1B 3,51.51663,-0.14215,28
W1B 4,51.51107,-0.13910,66
W1B 5,51.51157,-0.13825,118
W1C 1,51.51484,-0.14956,63
W1C 2,51.51421,-0.14834,77
W1D 1,51.51621,-0.13555,51
W1D 2,51.51571,-0.13589,71
W1D 3,51.51470,-0.13272,123
W1D 4,51.51370,-0.13145,131
W1D 5,51.51268,-0.13074,113
W1D 6,51.51161,-0.13221,147
W1D 7,51.51125,-0.13415,85
W1F 0,51.51308,-0.13446,195
W1F 7,51.51377,-0.13868,193
W1F 8,51.51475,-0.13579,211
W1F 9,51.51219,-0.13708,187
W1G 0,51.51615,-0.14535,66
W1G 6,51.52137,-0.14988,156
W1G 7,51.52124,-0.14692,100
W1G 8,51.51898,-0.14927,213
W1G 9,51.51798,-0.14746,193
W1H 1,51.52006,-0.16158,129
W1H 2,51.51873,-0.16073,116
W1H 4,51.51941,-0.16446,107
W1H 5,51.51690,-0.16348,129
W1H 6,51.51555,-0.15470,55
W1H 7,51.51521,-0.15939,176
W1J 0,51.50912,-0.13911,96
W1J 5,51.50832,-0.14745,162
W1J 6,51.51029,-0.14483,106
W1J 7,51.50597,-0.14762,222
W1J 8,51.50780,-0.14374,94
W1J 9,51.50891,-0.13721,38
W1K 1,51.50709,-0.15123,79
W1K 2,51.50979,-0.15213,220
W1K 3,51.51095,-0.14735,124
W1K 4,51.51231,-0.14722,92
W1K 5,51.51339,-0.14848,136
W1K 6,51.51283,-0.15351,124
W1K 7,51.51128,-0.15588,120
W1S 1,51.51359,-0.14453,160
W1S 2,51.51194,-0.14264,148
W1S 3,51.51035,-0.14031,112
W1S 4,51.50900,-0.14180,178
W1T 1,51.51791,-0.13420,187
W1T 2,51.51939,-0.13451,155
W1T 3,51.51760,-0.13732,121
W1T 4,51.52053,-0.13690,149
W1T 5,51.52366,-0.13890,137
W1T 6,51.52272,-0.14082,143
W1T 7,51.52075,-0.13403,63
W1U 1,51.51546,-0.15038,136
W1U 2,51.51722,-0.15012,149
W1U 3,51.51695,-0.15267,144
W1U 4,51.51978,-0.15259,157
W1U 5,51.52152,-0.15310,136
W1U 6,51.52046,-0.15733,194
W1U 7,51.51881,-0.15464,145
W1U 8,51.51791,-0.15749,71
W1W 5,51.52225,-0.14346,99
W1W 6,51.52002,-0.14165,197
W1W 7,51.51837,-0.14099,204
W1W 8,51.51712,-0.13848,148
W2 1,51.51882,-0.17576,202
W2 2,51.51449,-0.16887,215
W2 3,51.51256,-0.18319,162
W2 4,51.51201,-0.19388,190
W2 5,51.51759,-0.19609,176
W2 6,51.51711,-0.18646,149
W2 7,51.50050,-0.27699,89
W3 0,51.51949,-0.27581,154
W3 3,51.50050,-0.27699,22
W3 6,51.51317,-0.26594,250
W3 7,51.51034,-0.25359,237
W3 8,51.50304,-0.27424,216
W3 9,51.50961,-0.27752,162
W4 1,51.49726,-0.25553,205
W4 2,51.48745,-0.25437,225
W4 3,51.48515,-0.27382,252
W4 4,51.49058,-0.26908,136
W4 5,51.49698,-0.26754,209
W4 9,51.49153,-0.26259,28
W5 1,51.52608,-0.30550,194
W5 2,51.51704,-0.30363,212
W5 3,51.51477,-0.29225,202
W5 4,51.49945,-0.30507,220
W5 5,51.50886,-0.30481,140
W5 9,51.51110,-0.30748,75
W6 0,51.49586,-0.23479,237
W6 6,51.49210,-0.23734,51
W6 7,51.49730,-0.22391,138
W6 8,51.48765,-0.21833,151
W6 9,51.48989,-0.23101,226
W7 1,51.51881,-0.33442,151
W7 2,51.50272,-0.33325,138
W7 3,51.51300,-0.33901,206
W7 9,51.50461,-0.33281,11
W8 4,51.50474,-0.19283,143
W8 5,51.49928,-0.18958,180
W8 6,51.49744,-0.19678,177
W8 7,51.50387,-0.19763,174
W8 9,51.49941,-0.19728,64
W9 1,51.52738,-0.18475,209
W9 2,51.52426,-0.19255,150
W9 3,51.52607,-0.20055,189
W9 4,51.49829,-0.19832,30
WC1A 1,51.51789,-0.12515,52
WC1A 2,51.51847,-0.12311,56
WC1A 9,51.52453,-0.11207,58
WC1B 3,51.51872,-0.12734,101
WC1B 4,51.52016,-0.12232,30
WC1B 5,51.52091,-0.12466,47
WC1E 6,51.52248,-0.13340,51
WC1E 7,51.52116,-0.13164,60
WC1H 0,51.52486,-0.12897,75
WC1H 8,51.52824,-0.12191,84
WC1H 9,51.52708,-0.12538,167
WC1N 1,51.52431,-0.12339,91
WC1N 2,51.52311,-0.11604,79
WC1N 3,51.52179,-0.11895,113
WC1R 4,51.51980,-0.11681,69
WC1R 5,51.51973,-0.11345,33
WC1V 6,51.51841,-0.11684,60
WC1V 7,51.51797,-0.11646,52
WC1X 0,51.52576,-0.11353,85
WC1X 8,51.52410,-0.11605,111
WC1X 9,51.52930,-0.11527,132
WC2A 1,51.51663,-0.11212,44
WC2A 2,51.51454,-0.11544,18
WC2A 3,51.51675,-0.11494,61
WC2B 4,51.51422,-0.11836,50
WC2B 5,51.51538,-0.12129,111
WC2B 6,51.51613,-0.11887,38
WC2E 7,51.51165,-0.12132,66
WC2E 8,51.51174,-0.12354,43
WC2E 9,51.51271,-0.12428,81
WC2H 0,51.51220,-0.12847,58
WC2H 7,51.51149,-0.12868,91
WC2H 8,51.51573,-0.12716,76
WC2H 9,51.51423,-0.12571,150
WC2N 4,51.51109,-0.12569,58
WC2N 5,51.50809,-0.12496,44
WC2N 6,51.50923,-0.12278,54
WC2R 0,51.51155,-0.12105,63
WC2R 1,51.51445,-0.11468,30
WC2R 2,51.51125,-0.11486,8
WC2R 3,51.51317,-0.11296,16
WD17 1,51.65937,-0.40084,118
WD17 2,51.65476,-0.39343,137
WD17 3,51.66506,-0.41598,109
WD17 4,51.67051,-0.41104,222
WD18 0,51.65191,-0.40127,194
WD18 1,51.64462,-0.42382,90
WD18 6,51.64528,-0.41607,103
WD18 7,51.65291,-0.41580,209
WD18 8,51.64567,-0.42829,63
WD18 9,51.63970,-0.43375,43
WD19 4,51.64158,-0.38999,229
WD19 5,51.62950,-0.38139,100
WD19 6,51.62098,-0.39099,177
WD19 7,51.62791,-0.39720,167
WD23 1,51.63634,-0.34770,220
WD23 2,51.65559,-0.37639,199
WD23 3,51.64786,-0.35949,154
WD23 4,51.64226,-0.34734,156
WD23 9,51.64050,-0.35790,32
WD24 4,51.66601,-0.39288,127
WD24 5,51.67638,-0.40753,159
WD24 6,51.67648,-0.40088,106
WD24 7,51.67407,-0.39082,136
WD25 0,51.68841,-0.39820,146
WD25 7,51.69357,-0.40520,166
WD25 8,51.66942,-0.35251,102
WD25 9,51.68588,-0.38349,197
WD3 0,51.63948,-0.47457,50
WD3 1,51.63544,-0.46733,197
WD3 3,51.65045,-0.44529,263
WD3 4,51.65780,-0.47971,163
WD3 5,51.65310,-0.50673,133
WD3 6,51.67929,-0.49558,50
WD3 7,51.64025,-0.48384,98
WD3 8,51.63723,-0.49580,132
WD3 9,51.61984,-0.51186,72
WD4 4,51.64175,-0.42790,10
WD4 8,51.68886,-0.43490,48
WD4 9,51.68987,-0.47942,26
WD5 0,51.69693,-0.42073,58
WD5 5,51.64175,-0.42790,5
WD6 1,51.65714,-0.26926,226
WD6 2,51.64982,-0.26246,202
WD6 3,51.64797,-0.29483,197
WD6 4,51.66498,-0.28542,189
WD6 5,51.66709,-0.26905,205
WD6 9,51.65684,-0.27519,49
WD7 0,51.68296,-0.31725,18
WD7 7,51.68534,-0.31514,121
WD7 8,51.68207,-0.32435,155
WD7 9,51.69236,-0.28564,113
WD99 1,51.64878,-0.42209,21
